current_gpa,failed_courses,retaken_courses,work_hours_per_week,stress_level,sleep_hours,semester_difficulty,extracurricular_load,risk_score,projected_gpa,burnout_probability
3.26,1,3,25,10,6.1,2,2,100,2.86,100
2.27,2,1,0,8,8.9,4,1,100,1.87,100
3.93,1,2,12,1,5.4,5,2,64,3.78,70
3.76,3,0,24,5,5.8,2,1,86,3.36,94
3.76,2,0,23,7,7.3,4,5,100,3.36,100
2.65,3,1,27,8,7.9,4,0,100,2.25,100
3.43,3,1,17,10,5.9,5,4,100,3.03,100
2.54,2,2,29,8,8.9,5,2,100,2.14,100
3.09,0,1,0,9,9,3,1,81,2.69,89
2.58,0,0,15,2,6,1,1,48,2.63,52
2.61,1,0,1,10,8.1,4,5,100,2.21,100
2.41,1,2,11,9,8.7,1,2,100,2.01,100
2.08,0,2,20,3,4.8,4,1,100,1.68,100
3.49,3,3,7,7,4.9,4,4,100,3.09,100
2.48,0,3,9,10,6.5,3,2,100,2.08,100
3.11,2,1,20,9,5.2,2,3,100,2.71,100
2.08,1,1,24,2,7.2,4,0,82,1.68,90
2.5,0,3,19,7,5.2,2,5,100,2.1,100
4,0,1,4,8,4.6,3,4,97,3.6,100
3.47,2,3,19,2,8.1,2,5,78,3.07,85
2.15,2,1,12,5,8.1,3,1,93,1.75,100
3.88,0,3,18,9,5.8,5,3,100,3.48,100
2.46,0,0,26,7,8.4,2,5,100,2.06,100
2.98,3,0,24,9,8.2,4,0,100,2.58,100
3.18,2,2,18,6,8.1,5,3,100,2.78,100
2.69,3,1,10,8,7.9,3,3,100,2.29,100
3.45,0,0,13,3,6.5,1,2,39,3.5,42
3.63,3,2,21,8,6.3,4,0,100,3.23,100
3.4,2,3,4,10,8.4,4,3,100,3,100
2.97,3,0,25,4,5.7,4,3,100,2.57,100
2.58,1,0,12,10,7.3,4,4,100,2.18,100
2.32,1,3,26,3,8.4,3,2,99,1.92,100
2.94,3,2,29,10,6.4,4,0,100,2.54,100
3.08,3,1,19,6,8.4,2,5,100,2.68,100
3.89,1,1,7,6,6.4,2,5,84,3.49,92
2.61,2,1,26,10,7.9,3,2,100,2.21,100
2.08,1,2,6,7,6.3,1,0,100,1.68,100
2.78,2,1,4,5,5,5,3,100,2.38,100
2.04,0,3,30,1,8.3,5,4,95,1.64,100
2.45,3,3,15,1,6.5,3,4,99,2.05,100
2.22,2,1,12,3,5.2,1,2,87,1.82,95
2.54,0,3,11,10,7,3,3,100,2.14,100
3.43,3,0,22,10,4.8,4,2,100,3.03,100
3.73,0,1,28,10,6,3,0,100,3.33,100
2.6,2,3,18,8,5,5,4,100,2.2,100
2.35,2,3,26,1,5.1,5,2,100,1.95,100
2.55,2,3,23,2,4.8,5,0,100,2.15,100
2.07,2,0,15,9,8.7,1,5,100,1.67,100
3.89,2,3,28,2,7.3,4,5,93,3.49,100
2.17,3,0,0,5,7,2,4,100,1.77,100
3.45,1,1,21,8,8.6,1,0,78,3.05,85
3.24,2,3,12,6,5.8,5,4,100,2.84,100
2.36,0,2,9,1,7.4,5,5,84,1.96,92
2.31,2,0,17,8,6.7,2,1,100,1.91,100
2.57,3,0,17,8,7.2,3,3,100,2.17,100
3.76,1,3,16,8,7.5,4,2,100,3.36,100
2.64,0,1,5,6,8.9,1,0,60,2.49,66
3.63,1,1,14,3,8,2,0,38,3.68,41
2.09,2,3,12,5,7.8,1,5,100,1.69,100
3.96,2,1,24,4,6.6,5,0,80,3.56,88
2.16,1,2,11,6,5.2,2,5,100,1.76,100
3.71,3,3,26,5,5.5,3,0,100,3.31,100
2.05,2,2,24,4,7.3,1,3,100,1.65,100
3.18,1,3,16,6,9,4,2,95,2.78,100
3.83,3,3,2,4,7.7,5,0,88,3.43,96
3.44,3,0,12,5,4.6,5,1,100,3.04,100
2.27,3,0,23,3,8.1,1,4,92,1.87,100
2.25,0,1,3,6,7.3,3,3,94,1.85,100
3.93,1,0,30,9,4.8,1,5,100,3.53,100
2.37,3,1,20,3,8.4,2,4,100,1.97,100
3.8,1,1,26,7,6,2,4,100,3.4,100
3.16,0,0,30,8,5.1,1,0,86,2.76,94
3.02,0,1,1,6,6.7,1,1,58,2.87,63
3.2,2,2,18,2,7.8,3,3,78,2.8,85
3.43,0,0,4,3,8.8,2,5,48,3.48,52
2.58,2,1,18,1,6.8,5,4,91,2.18,100
2.02,2,3,19,10,8.8,5,4,100,1.62,100
3.67,1,1,22,5,8.3,1,0,53,3.52,58
3.23,3,2,8,2,5.3,1,2,73,3.08,80
3.5,1,0,15,4,7.5,4,2,61,3.35,67
3.93,0,0,26,9,7.5,5,1,100,3.53,100
3.65,1,2,30,1,8.3,1,0,40,3.7,44
2.13,3,1,23,3,5.3,1,3,100,1.73,100
3.66,1,0,17,1,8.4,3,1,38,3.71,41
3.19,1,1,17,7,8.1,1,2,78,2.79,85
2.25,0,3,5,5,7.2,4,3,100,1.85,100
3.75,2,0,11,5,8.4,4,5,79,3.35,86
2.14,3,0,3,10,8.5,3,3,100,1.74,100
3.05,1,2,3,9,8,4,3,100,2.65,100
3.86,2,0,7,7,5.7,1,3,83,3.46,91
3.14,0,0,14,9,7.1,4,0,84,2.74,92
2.73,0,0,3,2,5.7,2,0,50,2.58,55
2.66,1,2,6,7,8.7,5,1,100,2.26,100
2.5,1,2,14,10,7.6,2,3,100,2.1,100
3.03,0,3,21,5,5.6,2,3,87,2.63,95
3.62,0,2,10,1,6.3,2,1,38,3.67,41
2.54,1,3,16,6,8.4,1,4,96,2.14,100
2.93,1,3,22,7,5.2,4,4,100,2.53,100
3.48,3,2,0,4,6.9,3,0,81,3.08,89
3.68,3,1,18,10,7.7,5,3,100,3.28,100
2.34,3,3,21,5,5.5,5,3,100,1.94,100
3.1,2,1,9,5,6.1,5,5,100,2.7,100
3.43,3,0,14,3,7.3,5,3,86,3.03,94
3.57,1,1,26,5,6.7,5,3,94,3.17,100
2.8,1,2,16,3,5.6,5,2,100,2.4,100
3.23,3,2,0,1,8,1,4,60,3.08,66
3.01,3,3,21,2,5.9,3,1,92,2.61,100
3.36,0,0,14,8,7.8,2,1,71,3.21,78
3.56,1,1,29,10,8.9,4,0,100,3.16,100
2.67,0,2,22,10,8.4,5,3,100,2.27,100
2.53,3,2,30,6,6.9,3,2,100,2.13,100
2.45,1,0,1,5,6.9,2,1,81,2.05,89
2.05,2,2,25,10,8.1,3,1,100,1.65,100
3.6,3,0,20,9,6.2,4,2,100,3.2,100
3.25,3,0,0,5,8.1,3,4,86,2.85,94
3.69,2,1,23,8,8.8,2,2,90,3.29,99
2.91,1,2,25,5,5.7,3,3,100,2.51,100
2.04,3,1,21,6,8.1,1,5,100,1.64,100
3.44,1,1,16,4,8,4,1,72,3.29,79
3.44,3,0,22,1,8.2,3,3,67,3.29,73
2.76,1,1,0,9,8.7,1,1,89,2.36,97
2.09,0,3,30,2,6.9,4,5,100,1.69,100
2.36,2,2,9,2,4.8,4,2,100,1.96,100
2.87,2,2,11,9,4.7,2,3,100,2.47,100
3.87,0,2,11,5,7.2,4,0,61,3.72,67
2.43,3,2,19,8,6.8,2,4,100,2.03,100
3.27,3,2,21,6,8.6,4,3,100,2.87,100
2.76,0,2,0,10,6.9,4,0,100,2.36,100
3.43,3,3,29,10,7.8,4,2,100,3.03,100
3,2,2,29,1,5.2,4,0,83,2.6,91
3.56,1,0,8,4,8.5,1,1,38,3.61,41
2.6,0,3,8,1,4.5,4,5,88,2.2,96
2.84,1,2,9,10,8.3,5,0,100,2.44,100
2.62,3,3,14,7,5.9,2,0,100,2.22,100
2.3,2,1,7,3,5,5,1,100,1.9,100
2.11,0,0,12,8,8.2,2,4,95,1.71,100
2.68,2,3,6,2,7.3,3,3,84,2.28,92
3.6,2,2,20,5,6.3,4,5,100,3.2,100
3.03,1,0,17,1,8.5,1,4,44,3.08,48
2.04,1,0,23,10,6.1,2,5,100,1.64,100
3.53,2,2,5,10,8.1,3,2,100,3.13,100
3.38,0,1,25,10,8.7,1,3,91,2.98,100
2.25,2,1,9,2,4.6,1,1,85,1.85,93
3.14,3,2,24,7,7.3,4,2,100,2.74,100
2.79,3,1,10,8,8,2,0,100,2.39,100
3.75,0,3,16,3,5,2,1,62,3.6,68
2.53,1,1,6,4,4.5,5,1,99,2.13,100
2.02,2,0,14,3,5.3,1,0,77,1.62,84
3.05,2,1,18,8,8.7,4,3,100,2.65,100
3.6,2,2,29,8,7.2,4,0,100,3.2,100
3.22,0,3,23,4,5.4,2,4,84,2.82,92
2.19,0,0,7,2,6.6,1,5,62,2.04,68
2.1,1,3,6,6,8.3,2,2,97,1.7,100
3.88,2,1,23,4,7.5,2,5,80,3.48,88
3.91,3,2,29,8,4.6,5,5,100,3.51,100
3.03,1,0,2,4,7.4,4,3,71,2.88,78
3.73,0,0,4,9,8.8,2,2,68,3.58,74
2.78,2,1,4,9,8.4,3,1,100,2.38,100
3.89,1,1,0,4,5.6,3,2,68,3.74,74
3.03,0,2,22,6,5.4,5,1,98,2.63,100
2.19,1,2,26,2,7.5,5,4,100,1.79,100
2.91,2,2,3,5,6,4,2,100,2.51,100
3.05,2,3,6,4,8.6,5,1,85,2.65,93
3.3,0,3,27,6,5.6,5,1,100,2.9,100
3.46,2,0,24,3,6.4,5,4,97,3.06,100
3.05,0,2,10,2,7.7,4,5,65,2.9,71
2.42,3,3,4,2,7.6,5,5,100,2.02,100
2.37,1,0,8,9,8.5,5,5,100,1.97,100
3.12,3,2,2,9,8.6,1,1,99,2.72,100
2.93,0,2,23,6,7.7,4,5,100,2.53,100
3.41,0,1,13,3,6,1,4,57,3.26,62
3.28,2,2,23,1,7.7,4,1,71,3.13,78
3.31,2,1,11,5,5.6,1,0,73,3.16,80
2.25,1,0,15,9,5.6,4,1,100,1.85,100
3.41,2,2,12,7,5.6,4,5,100,3.01,100
2.81,2,3,11,7,6,2,3,100,2.41,100
2.15,3,3,28,10,7.2,4,0,100,1.75,100
3.77,0,1,28,1,6.1,4,4,68,3.62,74
3.61,0,3,14,8,6.5,1,0,68,3.46,74
3.75,0,2,28,6,7.9,1,3,76,3.35,83
4,3,0,17,7,5.4,5,0,100,3.6,100
3.54,3,0,18,7,8,1,5,92,3.14,100
3.31,1,0,5,5,8.3,2,4,65,3.16,71
2.87,0,3,17,2,4.7,2,0,77,2.47,84
2.71,1,0,27,1,8.5,3,4,71,2.56,78
3.93,3,3,6,4,6.3,5,0,96,3.53,100
2.61,3,2,29,3,5,5,4,100,2.21,100
2.43,2,2,12,1,7.3,4,0,80,2.03,88
2.67,3,0,2,10,4.8,3,5,100,2.27,100
3.31,0,0,23,8,4.6,2,1,94,2.91,100
2.64,1,0,2,10,5.2,3,4,100,2.24,100
2.56,0,0,11,7,7,2,0,72,2.41,79
3.01,0,3,30,10,7,2,4,100,2.61,100
2.37,1,0,10,3,5.6,3,5,94,1.97,100
2.11,3,0,13,10,6.4,3,3,100,1.71,100
3.01,0,1,15,8,8.2,1,4,74,2.86,81
3.18,0,2,25,6,4.9,4,4,100,2.78,100
3.14,1,3,6,10,8.5,2,2,100,2.74,100
3.11,1,1,13,5,8.2,3,5,77,2.71,84
2.36,2,0,1,1,7.6,2,4,74,2.21,81
2.28,0,2,16,8,7.1,2,1,100,1.88,100
2.33,0,2,17,7,5.7,1,2,100,1.93,100
3.84,0,1,16,2,8.1,1,4,39,3.89,42
2.66,0,1,17,1,6.2,4,0,66,2.51,72
2.84,0,0,10,2,8.6,4,1,50,2.69,55
3.74,0,1,16,6,7.2,5,4,88,3.34,96
2.11,3,3,11,3,7.5,3,0,99,1.71,100
3.23,1,2,24,2,6.4,3,5,84,2.83,92
2.66,2,1,4,8,6.4,1,0,100,2.26,100
2.26,2,2,30,4,5.3,1,0,100,1.86,100
3.4,1,1,16,9,6.6,1,3,98,3,100
3.68,3,1,30,1,8.3,5,2,78,3.28,85
2.48,2,0,2,10,6.3,1,1,100,2.08,100
3.35,3,3,11,4,6.1,2,3,97,2.95,100
3.26,2,3,22,5,8,1,0,76,2.86,83
3.17,0,0,6,4,7.8,1,3,48,3.22,52
2.25,0,0,3,6,7.4,2,4,88,1.85,96
2.67,3,1,25,2,8.3,2,5,88,2.27,96
3.09,2,2,16,3,6.1,2,1,81,2.69,89
2.37,1,1,22,1,7.8,2,1,69,2.22,75
3.7,3,0,25,4,5.3,3,1,85,3.3,93
2.43,2,3,22,9,6.1,3,2,100,2.03,100
2.37,1,2,7,7,6.5,1,5,100,1.97,100
3.96,2,0,6,10,5.6,1,4,100,3.56,100
2.89,3,3,25,9,7.6,1,3,100,2.49,100
3.89,2,0,28,6,6.8,3,2,91,3.49,100
3.45,0,0,22,3,8.6,4,0,51,3.3,56
3.09,1,3,21,2,8.5,4,2,71,2.94,78
3.73,2,2,27,1,6.5,2,1,61,3.58,67
3.41,0,0,20,1,6.9,1,2,35,3.46,38
3.38,2,2,8,8,8.7,1,2,88,2.98,96
3.87,2,1,30,9,5,1,3,100,3.47,100
3.29,2,1,15,2,6.1,4,4,82,2.89,90
2.66,1,0,12,8,7.3,1,1,84,2.26,92
2.7,2,2,1,4,4.7,5,0,100,2.3,100
2.92,0,3,27,2,7.8,4,3,88,2.52,96
2.67,0,1,30,10,6.3,1,2,100,2.27,100
3.62,1,0,27,7,5,4,1,99,3.22,100
3.88,2,0,25,3,4.9,2,1,73,3.73,80
2.64,1,3,17,5,8.5,4,5,100,2.24,100
3.5,3,1,25,3,4.6,1,3,86,3.1,94
2.18,0,3,21,8,4.8,2,0,100,1.78,100
2.29,0,2,7,10,8.3,5,5,100,1.89,100
2.76,3,2,25,8,5.2,1,0,100,2.36,100
2.91,0,3,25,7,8.7,3,0,92,2.51,100
3.91,2,3,16,8,8.9,5,5,100,3.51,100
2.82,3,0,28,6,7.2,5,4,100,2.42,100
3.17,3,3,0,9,5,4,0,100,2.77,100
3.7,2,2,20,9,5.4,1,2,100,3.3,100
3.97,3,1,4,4,5.2,4,5,98,3.57,100
3.41,1,2,2,2,6.6,4,2,64,3.26,70
2.15,0,2,7,1,7.9,4,1,67,2,73
2.86,0,0,27,7,7,4,1,100,2.46,100
3.74,3,3,12,4,5.4,4,3,100,3.34,100
2.9,3,0,10,7,4.9,5,2,100,2.5,100
2.83,3,3,11,9,8.3,1,5,100,2.43,100
2.01,1,1,28,4,5.6,5,5,100,1.61,100
3.8,0,2,23,3,5.2,1,3,59,3.65,64
2.24,3,0,8,7,8,3,2,100,1.84,100
2.21,2,3,13,4,5.1,2,1,100,1.81,100
3.67,0,1,15,1,7.9,1,2,24,3.87,26
2.97,2,1,14,7,8.3,5,5,100,2.57,100
3.54,1,1,4,9,8.6,4,5,99,3.14,100
3.48,0,0,17,4,8.9,5,0,62,3.33,68
2.34,3,1,8,8,6.6,1,1,100,1.94,100
2.76,3,3,30,3,4.6,3,0,100,2.36,100
3.43,1,3,25,8,6.1,2,2,100,3.03,100
2.65,2,2,2,6,4.6,3,4,100,2.25,100
2.49,2,1,28,9,8.2,5,5,100,2.09,100
2.16,0,3,26,9,7.6,2,0,100,1.76,100
3.88,0,3,11,6,5.6,1,2,70,3.73,77
2.67,2,2,28,10,5.9,3,4,100,2.27,100
2.57,2,3,3,2,8.6,4,4,87,2.17,95
3,1,0,3,5,8.6,5,0,68,2.85,74
3.05,0,1,16,9,6.1,3,0,99,2.65,100
2.62,3,0,30,4,4.7,4,3,100,2.22,100
2.37,0,1,18,5,6.8,5,5,100,1.97,100
2.02,2,3,10,2,8.3,3,1,83,1.62,91
2.55,1,3,8,5,8.6,4,4,97,2.15,100
2.3,3,2,8,8,7.6,2,3,100,1.9,100
3.01,2,2,7,8,6.1,2,0,100,2.61,100
3.09,2,1,17,2,8.7,4,0,65,2.94,71
2.96,2,2,14,5,6.1,3,2,100,2.56,100
3.78,2,1,1,2,6.9,5,5,75,3.38,82
2.61,3,0,9,10,7,5,2,100,2.21,100
3.21,2,1,2,2,6.7,3,3,66,3.06,72
3.64,1,0,13,9,5.3,4,1,96,3.24,100
2.6,2,3,15,9,5.9,5,2,100,2.2,100
2.4,1,3,16,6,4.8,3,2,100,2,100
3.31,3,3,17,1,6,2,1,81,2.91,89
3.17,3,0,29,6,7.9,2,1,98,2.77,100
3.79,3,1,26,3,7.1,3,3,88,3.39,96
3.29,1,0,28,9,5.8,4,0,100,2.89,100
2.65,0,2,16,9,5,2,2,100,2.25,100
2.84,3,2,24,3,4.7,5,5,100,2.44,100
2.14,3,2,20,10,8.4,2,2,100,1.74,100
3.75,1,2,18,7,6.1,2,1,90,3.35,99
2.66,1,2,18,9,4.6,3,4,100,2.26,100
3.98,2,0,19,8,6.5,4,3,100,3.58,100
2.16,0,2,12,1,6.8,5,0,69,2.01,75
3.79,2,2,27,1,8.1,1,1,51,3.64,56
2.43,2,1,27,7,6.4,5,3,100,2.03,100
2.91,1,1,25,8,5.7,3,0,100,2.51,100
3.82,0,2,0,1,5.9,4,5,60,3.67,66
3.32,3,0,1,10,6,5,2,100,2.92,100
2.86,2,2,29,6,7.5,2,5,100,2.46,100
3.82,1,1,25,4,6.2,4,2,81,3.42,89
2.48,0,3,6,7,6,2,1,100,2.08,100
2.82,2,0,14,6,6.7,2,3,91,2.42,100
2.05,3,1,22,7,5.3,5,2,100,1.65,100
2.42,1,2,30,2,5.8,2,1,94,2.02,100
2.34,3,1,14,3,8.7,1,2,82,1.94,90
3.08,0,1,17,6,4.6,4,0,93,2.68,100
2.17,3,0,14,8,5.6,1,5,100,1.77,100
2.87,2,1,17,10,5.8,2,4,100,2.47,100
3.35,0,3,9,4,8.5,3,4,68,3.2,74
3.55,2,0,13,4,6.6,3,2,64,3.4,70
3.43,0,3,12,4,6.9,2,4,68,3.28,74
3.18,1,2,18,5,6.3,2,2,88,2.78,96
3.86,3,3,7,1,5.7,2,2,69,3.71,75
3.41,1,1,12,8,8.4,5,2,96,3.01,100
3.48,1,0,8,5,4.7,4,4,95,3.08,100
3.04,3,3,8,3,8,3,1,77,2.64,84
2.51,3,3,5,10,6.6,4,3,100,2.11,100
3.58,0,3,6,6,8.5,2,1,59,3.43,64
3.37,3,1,23,8,7.2,1,0,99,2.97,100
4,2,1,13,1,8.6,4,2,50,3.85,55
3.95,0,2,2,3,7.9,3,1,47,4,51
2.97,1,1,12,2,5.8,2,4,74,2.82,81
3.87,3,3,16,5,7.7,5,4,100,3.47,100
2.48,1,1,20,3,6.8,5,1,96,2.08,100
3.02,1,2,26,9,8.2,3,0,100,2.62,100
2.65,0,2,15,7,6.4,5,2,100,2.25,100
2.71,1,1,21,6,5.1,2,4,100,2.31,100
2.31,3,0,1,9,6.4,5,5,100,1.91,100
3.16,1,0,22,5,6.6,5,2,87,2.76,95
2.16,1,1,20,5,8.5,2,1,88,1.76,96
2.48,3,2,4,8,7.7,1,2,100,2.08,100
3.96,2,0,6,10,8.8,4,4,100,3.56,100
2.13,1,2,16,3,4.8,3,0,100,1.73,100
3.85,1,1,5,9,5.3,4,2,100,3.45,100
3.37,3,1,2,2,7.6,1,4,67,3.22,73
3.62,3,2,4,7,5.9,1,4,100,3.22,100
3.26,2,2,13,3,6.9,4,3,81,2.86,89
2.71,2,0,17,2,5.9,1,0,69,2.56,75
3.01,1,2,27,9,8.1,3,5,100,2.61,100
3.48,3,1,29,1,5.2,5,4,100,3.08,100
2.34,2,1,12,3,6.4,5,3,100,1.94,100
3.86,0,2,4,6,5.3,2,4,77,3.46,84
2.84,2,3,17,6,6.2,2,0,100,2.44,100
2.46,2,1,28,9,7.1,3,2,100,2.06,100
3.75,3,1,1,4,4.7,1,1,78,3.35,85
2.61,2,2,17,8,7.8,5,1,100,2.21,100
3.76,0,3,24,3,5.6,3,2,70,3.61,77
3.16,3,3,18,8,6,5,5,100,2.76,100
3.36,1,1,27,2,7.6,2,2,65,3.21,71
3.15,1,3,21,2,4.5,5,5,100,2.75,100
3.88,1,0,9,9,7.3,3,4,92,3.48,100
3.99,1,2,20,3,5.9,4,5,88,3.59,96
2.08,3,3,27,4,5,5,0,100,1.68,100
2.6,1,0,13,3,7.7,1,1,54,2.45,59
3.11,0,2,18,9,5.3,2,4,100,2.71,100
3.72,0,1,3,5,5.9,5,3,79,3.32,86
2.76,3,1,4,8,8.3,5,3,100,2.36,100
3.4,0,1,19,8,7.5,3,1,88,3,96
3.91,3,3,21,5,5,5,5,100,3.51,100
3.96,0,0,4,10,8.7,5,5,98,3.56,100
2.18,1,1,29,6,5,1,2,100,1.78,100
3.33,1,1,5,5,6.1,3,1,78,2.93,85
3.19,3,0,17,6,8.3,4,5,100,2.79,100
3.54,2,2,3,8,6.6,5,1,100,3.14,100
3.16,2,1,5,5,7.4,5,5,100,2.76,100
3.15,1,0,1,8,7.9,1,4,83,2.75,91
3.9,2,1,10,8,7.8,4,2,97,3.5,100
3.04,0,1,14,9,5.1,2,5,100,2.64,100
2.09,2,2,12,9,5.4,1,0,100,1.69,100
2.18,1,1,22,2,5.5,2,0,80,1.78,88
2.79,1,1,27,8,6.3,3,4,100,2.39,100
3.45,0,2,27,1,6.1,1,1,55,3.3,60
3.82,3,2,13,6,8.8,5,0,91,3.42,100
3.55,2,3,26,7,8.8,1,1,91,3.15,100
2.44,1,3,5,5,6,5,1,100,2.04,100
2.48,1,0,27,6,4.5,2,2,100,2.08,100
2.86,1,3,22,6,5.9,3,1,100,2.46,100
3.32,1,3,1,5,8.4,4,2,81,2.92,89
2.76,2,0,29,3,5.9,4,2,100,2.36,100
3.62,3,1,25,3,7.4,4,2,83,3.22,91
3.52,3,3,28,3,8.2,3,1,85,3.12,93
2.7,0,0,4,8,4.7,4,2,100,2.3,100
3.52,2,1,25,10,8,4,1,100,3.12,100
3.63,2,1,30,3,7.8,4,5,91,3.23,100
3.57,2,3,26,9,5.5,3,3,100,3.17,100
2.1,0,0,8,9,8.7,2,2,95,1.7,100
3.38,1,3,24,3,4.5,5,0,96,2.98,100
3.95,2,2,16,10,5.4,2,4,100,3.55,100
2.26,0,2,25,2,6.4,2,5,91,1.86,100
3.39,0,2,5,3,7.2,5,1,64,3.24,70
3,1,3,23,7,8.9,1,4,92,2.6,100
2.58,3,1,29,2,8.6,2,4,92,2.18,100
3.41,0,0,9,10,8.4,2,3,84,3.01,92
2.54,1,0,2,9,6.1,2,4,100,2.14,100
2.15,2,1,28,10,6.9,5,2,100,1.75,100
2.62,3,3,23,6,7.9,2,1,100,2.22,100
2.66,2,2,16,8,7.2,1,3,100,2.26,100
3.9,3,2,13,5,7.7,1,3,79,3.5,86
3.02,1,2,23,7,6,4,1,100,2.62,100
2.16,1,3,18,1,7.9,3,4,91,1.76,100
3.7,3,3,4,10,7.5,4,2,100,3.3,100
3.12,3,1,26,10,7,3,0,100,2.72,100
3.14,0,3,16,3,5,1,2,67,2.99,73
2.75,1,1,4,4,7.2,4,3,85,2.35,93
2.41,3,1,6,8,5.8,1,0,100,2.01,100
2.74,3,0,21,7,5.6,5,3,100,2.34,100
2.72,3,2,4,9,6.9,1,2,100,2.32,100
3.09,1,2,16,1,7.3,1,4,57,2.94,62
3.13,2,2,19,2,4.8,3,4,96,2.73,100
3.79,2,2,26,2,4.6,1,3,83,3.39,91
2.94,3,3,28,1,7,4,5,100,2.54,100
3.38,2,2,19,5,5.7,1,3,94,2.98,100
3.37,2,0,27,7,6.9,3,2,100,2.97,100
3.58,3,3,25,5,7.9,5,3,100,3.18,100
3.72,2,0,14,5,8.9,4,1,67,3.57,73
3.17,3,1,28,4,6.1,2,4,100,2.77,100
3.25,3,3,18,7,5.3,3,3,100,2.85,100
2.74,1,1,22,10,8.7,5,3,100,2.34,100
2.57,0,2,24,4,5.7,2,5,93,2.17,100
2.73,3,0,0,7,6.5,3,2,100,2.33,100
3.41,3,2,19,10,7.8,5,4,100,3.01,100
3.04,2,0,5,10,7,2,5,100,2.64,100
3.61,0,3,11,10,7.8,5,3,100,3.21,100
3.73,3,1,23,2,6.3,3,4,86,3.33,94
2.49,0,2,23,3,5,1,1,80,2.09,88
3.52,3,0,13,3,6.2,4,1,76,3.12,83
3.15,2,1,15,8,5.9,5,4,100,2.75,100
3.45,0,2,21,6,4.8,3,3,100,3.05,100
2.44,1,3,22,8,5.3,2,0,100,2.04,100
3.73,1,1,10,10,7.2,2,1,88,3.33,96
3.37,1,1,7,6,5.8,3,4,93,2.97,100
2.55,0,0,29,7,8.6,2,4,94,2.15,100
2.12,3,2,13,10,5.1,1,0,100,1.72,100
3.31,3,0,19,6,8.4,3,2,94,2.91,100
3.02,3,0,25,3,7.7,5,2,91,2.62,100
2.15,0,2,25,5,8.8,4,5,100,1.75,100
3.78,1,2,9,1,7.7,5,4,62,3.63,68
2.71,1,3,6,5,6.6,3,3,94,2.31,100
3.46,3,0,6,5,7.3,3,2,85,3.06,93
3.99,3,3,15,2,6.1,3,4,86,3.59,94
2.06,1,1,29,3,7.6,5,5,100,1.66,100
2.34,3,1,12,6,6.3,2,2,100,1.94,100
3.57,3,2,5,7,8,4,5,100,3.17,100
2.56,3,2,18,5,6,4,2,100,2.16,100
2.52,0,1,12,5,7.9,3,1,72,2.37,79
2.35,1,0,9,6,7,5,1,100,1.95,100
3.74,1,3,24,3,5.1,5,1,85,3.34,93
2.4,3,3,1,3,5.2,3,1,100,2,100
2.19,2,3,12,9,4.8,3,0,100,1.79,100
2.05,2,2,4,10,8.7,2,3,100,1.65,100
3.9,2,3,17,1,6.8,3,2,66,3.75,72
3.58,2,2,11,10,6.2,1,4,100,3.18,100
2.81,0,1,20,5,6.9,5,5,100,2.41,100
3.89,1,3,3,8,7.6,3,1,89,3.49,97
3.83,3,0,2,3,8.3,4,1,63,3.68,69
3.47,3,1,25,2,6.3,1,0,71,3.32,78
2.31,2,3,0,10,7.5,4,2,100,1.91,100
3.79,3,3,0,1,5.6,4,3,82,3.39,90
2.4,1,3,26,9,6.7,3,4,100,2,100
3.51,0,1,21,10,6,4,2,100,3.11,100
2.21,2,1,21,9,8.6,3,2,100,1.81,100
2.41,0,1,10,4,7,5,3,92,2.01,100
2.46,3,2,2,2,5.9,1,4,99,2.06,100
2.77,1,0,8,8,5.5,1,3,98,2.37,100
3.16,2,2,14,3,7,3,3,76,2.76,83
3.42,1,1,15,10,5.6,5,3,100,3.02,100
3.16,2,0,22,5,5.3,2,3,91,2.76,100
2.86,2,0,28,1,5.7,5,4,100,2.46,100
2.64,3,2,20,10,5.2,1,3,100,2.24,100
3.84,0,0,3,3,8,5,3,50,3.69,55
2.09,1,3,13,2,7.6,4,0,82,1.69,90
2.95,1,3,29,7,6.9,1,3,100,2.55,100
2.79,0,0,18,5,7.6,5,1,86,2.39,94
2.03,3,0,4,5,4.8,1,1,100,1.63,100
2.39,1,3,6,4,5.9,2,1,95,1.99,100
3.98,2,0,3,10,8.3,5,1,100,3.58,100
2.75,3,3,3,3,4.7,3,0,100,2.35,100
3.42,1,2,9,10,8.9,1,1,89,3.02,97
2.3,0,1,14,9,4.9,1,1,100,1.9,100
3.13,3,3,6,2,5.5,1,0,71,2.98,78
2.77,0,1,24,8,5.8,1,0,93,2.37,100
3.03,0,3,12,6,4.6,3,0,88,2.63,96
3.21,2,0,11,4,7.3,5,1,78,2.81,85
3.84,3,0,11,4,4.7,4,2,92,3.44,100
3.47,0,1,25,4,8.1,2,0,51,3.32,56
2.52,2,0,20,6,5,4,5,100,2.12,100
3.3,1,3,10,2,5.4,4,1,73,3.15,80
2.33,2,1,4,3,9,2,4,85,1.93,93
2.9,0,0,18,5,4.8,4,3,100,2.5,100
3.97,3,3,25,7,7.8,1,5,100,3.57,100
2.63,3,1,1,1,6.6,1,0,59,2.48,64
3.27,3,1,12,5,8.5,2,0,73,3.12,80
2.87,2,0,14,9,5.5,3,2,100,2.47,100
3.89,3,3,17,6,8.2,1,0,83,3.49,91
2.27,0,1,19,5,6.2,2,4,100,1.87,100
2.06,2,1,16,10,8.5,4,1,100,1.66,100
2.81,2,3,24,6,7.8,4,3,100,2.41,100
2.39,3,2,3,4,8.8,3,4,100,1.99,100
3.62,2,2,28,6,6.5,4,5,100,3.22,100
3.4,0,1,19,8,5.8,3,3,100,3,100
2.23,1,3,25,10,5.2,4,1,100,1.83,100
2.17,3,2,29,8,9,4,1,100,1.77,100
3.11,0,2,6,1,7.3,1,4,41,3.16,45
3.31,0,3,30,1,6.6,3,0,58,3.16,63
2.81,3,1,18,8,4.7,3,1,100,2.41,100
2.63,3,0,25,5,6.4,4,3,100,2.23,100
3.9,1,0,13,1,7.2,5,4,54,3.75,59
3.06,3,1,26,7,4.9,5,5,100,2.66,100
3.77,3,1,2,5,6.9,2,0,71,3.62,78
3.96,2,3,2,7,8.3,4,0,88,3.56,96
3.96,1,2,11,9,4.6,1,4,100,3.56,100
2.6,3,3,24,9,5.6,2,0,100,2.2,100
3.39,1,3,29,9,9,1,2,100,2.99,100
3.41,2,1,25,5,7.4,4,4,100,3.01,100
2.24,3,2,30,2,8.6,4,4,100,1.84,100
2.81,1,2,6,5,8.9,3,5,91,2.41,100
3.59,3,2,13,4,5.4,5,5,100,3.19,100
2.42,0,0,15,5,7.4,5,5,100,2.02,100
3.72,0,2,10,4,4.9,2,4,72,3.57,79
3.42,2,2,28,6,7.4,3,5,100,3.02,100
3.68,1,1,13,2,7,4,2,53,3.53,58
3.23,1,0,20,6,7.7,4,2,88,2.83,96
2.04,0,3,22,1,7.2,4,4,88,1.64,96
3.36,0,0,14,8,8.9,2,3,72,3.21,79
3.22,2,3,18,9,7.1,5,4,100,2.82,100
2.12,3,2,2,4,7.2,2,4,100,1.72,100
2.61,2,0,24,1,7.1,1,4,67,2.46,73
3.41,1,3,8,4,5.5,3,3,86,3.01,94
3.74,0,3,2,5,7.3,5,3,79,3.34,86
2.98,0,1,18,9,6.2,4,0,100,2.58,100
2.4,3,2,3,2,6.4,2,5,100,2,100
2.91,2,1,10,2,4.8,2,3,86,2.51,94
3.95,3,0,7,8,5,5,3,100,3.55,100
2.66,3,2,6,6,7,3,5,100,2.26,100
3.79,3,0,19,1,4.7,3,3,80,3.39,88
2.32,1,2,30,6,5.7,3,1,100,1.92,100
3.82,1,0,17,10,6.7,5,2,100,3.42,100
3.44,2,3,22,9,6.8,2,0,100,3.04,100
2.44,1,2,18,4,5.6,1,3,100,2.04,100
3.71,0,3,22,8,5.7,1,3,93,3.31,100
3.84,0,1,16,7,7.9,1,4,74,3.69,81
3.69,2,0,29,1,4.6,4,2,81,3.29,89
3.13,1,3,16,5,5,3,2,97,2.73,100
2.87,3,2,23,7,5.6,2,1,100,2.47,100
3.8,0,1,6,2,9,1,4,31,3.85,34
3.72,3,3,17,9,8.2,2,5,100,3.32,100
2.87,0,1,24,6,8.6,4,4,95,2.47,100
3.72,0,0,16,7,5.2,1,4,78,3.32,85
3.54,2,2,12,10,5.8,5,1,100,3.14,100
2.8,3,3,11,2,5.7,3,3,100,2.4,100
2.25,2,2,4,9,6.4,4,1,100,1.85,100
3.63,1,2,15,4,5.4,5,3,85,3.23,93
2.37,1,3,7,4,7.2,2,0,84,1.97,92
3.83,1,2,16,7,7,5,1,97,3.43,100
3.15,1,3,30,2,5.8,2,1,78,2.75,85
3.85,2,0,8,3,7.7,2,5,62,3.7,68
2.84,3,3,21,3,7,4,1,100,2.44,100
3.94,2,3,27,5,4.8,1,2,100,3.54,100
3.31,1,2,19,9,8,1,4,100,2.91,100
2.7,2,1,5,1,7.5,4,4,78,2.3,85
3.63,1,0,10,8,7.5,1,3,73,3.48,80
2.89,3,3,23,7,5.1,4,1,100,2.49,100
2.27,2,1,21,9,4.7,2,0,100,1.87,100
2.64,3,1,4,9,7.1,3,4,100,2.24,100
3.66,2,0,23,5,7.3,4,3,86,3.26,94
3.57,2,1,23,6,6.1,5,4,100,3.17,100
2.02,3,2,9,6,8.9,3,4,100,1.62,100
3.37,2,1,21,4,7.4,3,3,86,2.97,94
2.7,1,2,7,6,9,5,2,98,2.3,100
2.71,0,1,8,7,5.9,4,3,100,2.31,100
2.94,3,2,28,2,6.6,1,2,90,2.54,99
3.19,1,1,29,2,5.6,3,3,81,2.79,89
3.21,0,1,20,10,5.2,4,5,100,2.81,100
3.34,0,0,12,5,5.1,4,2,74,3.19,81
3.87,0,2,28,7,7,3,1,86,3.47,94
2.66,0,2,28,9,8.2,4,5,100,2.26,100
2.95,1,3,8,9,8.5,4,3,100,2.55,100
2.29,0,1,28,5,5.1,5,3,100,1.89,100
2.7,2,3,11,5,7.2,4,4,100,2.3,100
2.38,1,1,20,5,6,1,3,100,1.98,100
2.67,1,3,5,10,6.5,1,3,100,2.27,100
3.35,1,3,10,9,8.2,1,0,84,2.95,92
2.58,1,2,11,5,4.9,4,5,100,2.18,100
2.65,3,1,11,4,5.3,1,3,94,2.25,100
2.39,1,0,3,4,8.7,5,5,97,1.99,100
3.18,2,1,3,9,7,1,3,98,2.78,100
3.93,1,2,18,5,7.3,3,0,72,3.78,79
3.42,2,1,11,7,7.4,3,5,100,3.02,100
3.3,0,2,18,5,9,1,2,62,3.15,68
3.62,3,3,13,4,5.7,1,0,76,3.22,83
2.84,0,1,26,4,4.8,2,4,100,2.44,100
2.05,1,0,0,1,7.3,5,5,84,1.65,92
2.2,2,2,28,3,8,3,3,100,1.8,100
2.13,1,3,19,2,5.8,5,5,100,1.73,100
3.99,0,0,0,6,4.9,5,1,82,3.59,90
3.88,2,3,28,10,8.1,2,5,100,3.48,100
2.07,3,2,7,1,8.4,1,4,80,1.67,88
2.57,3,0,18,4,5.9,4,2,100,2.17,100
2.36,0,0,5,3,8.9,1,0,48,2.41,52
3.07,2,0,7,7,8.1,1,0,68,2.92,74
2.38,2,0,16,6,6.8,4,1,100,1.98,100
2.71,3,0,17,10,6.6,4,5,100,2.31,100
2.85,2,3,29,5,4.9,3,4,100,2.45,100
3.61,1,3,25,7,5.9,1,0,86,3.21,94
2.26,1,3,18,1,6.9,1,4,81,1.86,89
2.59,2,3,11,5,4.7,5,4,100,2.19,100
3.19,1,3,9,7,5,5,5,100,2.79,100
2.03,3,1,2,7,4.8,3,3,100,1.63,100
3.77,1,2,17,9,6.5,5,4,100,3.37,100
2.28,0,3,7,9,6,3,3,100,1.88,100
2.05,3,2,24,1,7.3,3,1,94,1.65,100
2.41,0,1,26,9,6,2,0,100,2.01,100
2.04,0,1,15,3,8.9,2,3,66,1.89,72
2.79,2,1,17,8,7.4,5,3,100,2.39,100
2.51,0,1,12,2,4.5,1,4,68,2.36,74
2.18,2,0,21,3,4.8,5,1,100,1.78,100
2.05,0,3,0,8,8.9,1,4,100,1.65,100
2.68,1,2,4,8,5.5,5,2,100,2.28,100
2.81,3,0,28,8,5.8,4,3,100,2.41,100
2.38,1,1,6,6,5.3,4,3,100,1.98,100
2.35,3,3,30,1,8.3,3,0,97,1.95,100
2.14,0,3,4,10,7.7,3,1,100,1.74,100
3.86,0,0,13,7,7.4,1,1,53,3.71,58
2.88,3,0,23,10,6,4,3,100,2.48,100
2.8,3,0,13,8,7.3,4,1,100,2.4,100
3.05,2,0,15,7,7.8,3,4,95,2.65,100
3.65,3,2,12,9,6.2,3,1,100,3.25,100
3.2,2,0,2,3,5.6,1,1,60,3.05,66
2.26,3,2,22,6,4.9,4,1,100,1.86,100
3.71,1,0,6,7,7.5,2,5,78,3.31,85
2.35,0,3,7,7,8.4,4,0,99,1.95,100
3.56,0,3,20,10,8.7,1,5,98,3.16,100
2.45,1,1,0,1,4.7,5,4,100,2.05,100
2.45,3,2,26,9,6.4,4,1,100,2.05,100
3.6,1,0,14,2,8.9,5,4,55,3.45,60
3.74,1,1,14,5,5.9,2,0,63,3.59,69
3.19,3,2,11,3,5,1,0,73,3.04,80
3.92,3,2,19,8,7,1,2,100,3.52,100
2.06,0,0,4,6,4.8,4,1,100,1.66,100
3.74,1,0,22,9,5.8,4,3,100,3.34,100
3.69,2,2,18,7,6.2,2,1,98,3.29,100
3.21,3,1,28,9,7.8,5,1,100,2.81,100
3.59,1,3,9,10,8,4,5,100,3.19,100
2.09,2,0,1,9,7.7,2,3,100,1.69,100
2.74,3,2,4,3,5.1,3,2,99,2.34,100
2.93,1,1,5,2,4.7,5,0,84,2.53,92
3.96,3,0,17,8,4.7,3,5,100,3.56,100
3.46,3,3,1,4,6.5,1,1,78,3.06,85
3.84,2,3,30,4,6.9,2,2,86,3.44,94
3.45,3,1,16,1,8.9,3,5,77,3.05,84
2.01,1,1,7,3,6,3,5,98,1.61,100
2.68,2,0,5,2,7.5,2,0,58,2.53,63
2.07,1,1,29,2,7.2,5,3,100,1.67,100
3.09,3,1,11,7,7.8,4,1,100,2.69,100
3.68,2,2,23,7,5.1,1,2,96,3.28,100
3.4,2,3,23,6,7.5,3,3,100,3,100
2.75,2,1,0,2,4.6,2,3,86,2.35,94
2.71,2,1,12,10,7.3,3,0,100,2.31,100
2.37,3,3,8,6,6.6,5,4,100,1.97,100
2.41,3,0,6,7,4.6,4,2,100,2.01,100
2.97,2,3,14,10,4.9,1,5,100,2.57,100
2.16,3,2,21,8,5,4,4,100,1.76,100
3.58,3,3,18,6,7.8,1,1,91,3.18,100
2.47,1,3,13,7,8.3,2,4,100,2.07,100
2.02,0,1,19,10,8,2,2,100,1.62,100
3.69,2,3,15,8,8.2,5,3,100,3.29,100
3.49,0,0,30,4,7.8,2,4,71,3.34,78
2.1,3,3,7,7,5.4,1,4,100,1.7,100
2.12,2,1,19,8,8.8,5,5,100,1.72,100
2.63,3,2,29,1,7.3,3,3,97,2.23,100
2.05,3,3,16,4,5,4,4,100,1.65,100
2.21,0,2,13,1,8.1,2,3,58,2.06,63
3.01,2,2,18,6,5.7,5,3,100,2.61,100
3.88,0,3,5,10,6,1,5,100,3.48,100
3.27,0,1,7,2,7.7,2,4,48,3.32,52
2.07,2,2,30,8,7.1,1,1,100,1.67,100
2.51,1,3,25,7,6.8,2,1,100,2.11,100
2.64,0,0,19,6,4.6,1,4,96,2.24,100
3.11,2,3,19,4,6.8,4,1,93,2.71,100
3.08,2,1,25,3,4.5,1,5,91,2.68,100
2.45,2,2,13,7,6.8,2,3,100,2.05,100
2.89,1,2,26,1,5.1,4,4,97,2.49,100
2.67,1,2,3,6,6.2,2,3,99,2.27,100
2.29,3,1,12,3,5.3,4,2,100,1.89,100
2,0,1,5,2,5.1,2,4,76,1.6,83
3.51,3,0,15,7,8.6,2,4,86,3.11,94
3.61,2,0,2,5,8.9,1,1,52,3.46,57
2.42,1,0,5,4,6.2,2,4,92,2.02,100
3.02,1,3,26,10,6.6,5,0,100,2.62,100
2.43,3,3,9,1,4.9,2,4,100,2.03,100
2.13,1,0,9,9,8.3,2,0,97,1.73,100
2.02,3,0,18,5,5.4,2,1,100,1.62,100
3.96,3,1,11,1,8.5,5,3,66,3.81,72
3.72,1,3,26,10,7.6,1,0,100,3.32,100
2.4,1,1,22,2,8.4,3,1,75,2,82
2.1,0,1,16,9,6.9,4,4,100,1.7,100
3.24,1,2,0,4,5.3,4,1,81,2.84,89
2.06,3,1,7,5,6.2,3,0,100,1.66,100
3.29,2,2,20,6,7.2,5,2,100,2.89,100
3.22,3,3,14,5,5.7,1,2,95,2.82,100
2.32,2,0,29,4,9,4,5,100,1.92,100
3.73,3,2,21,4,5.3,1,2,86,3.33,94
3.31,3,1,28,6,6.2,5,3,100,2.91,100
2.95,2,1,12,6,5.8,2,1,97,2.55,100
2.23,0,1,1,1,6.7,5,1,68,2.08,74
3.93,1,1,1,2,6.5,3,1,45,3.98,49
2.3,3,1,5,7,5.6,1,0,100,1.9,100
3.79,2,0,12,3,8.4,4,4,64,3.64,70
2.52,1,1,15,2,6,3,4,79,2.12,86
3.74,3,1,4,9,8.5,1,3,94,3.34,100
3.51,2,1,8,10,6.6,2,0,93,3.11,100
2.21,3,2,4,5,6.1,1,1,100,1.81,100
2.19,3,1,26,4,4.9,5,2,100,1.79,100
2.66,0,3,20,7,4.5,4,5,100,2.26,100
3.79,2,1,20,5,7.2,2,5,86,3.39,94
2.87,3,1,28,7,6.4,2,0,100,2.47,100
3.5,1,2,8,9,7.3,3,4,100,3.1,100
3.66,3,0,22,10,6.8,3,3,100,3.26,100
2.72,2,2,19,1,6.5,1,4,75,2.32,82
3.24,2,1,13,7,7.3,1,5,92,2.84,100
3.88,3,2,0,8,6.6,2,1,96,3.48,100
3.68,1,2,14,7,5.5,4,1,92,3.28,100
2.35,3,1,28,5,4.6,2,0,100,1.95,100
2.26,0,3,24,9,6.8,4,2,100,1.86,100
2.08,3,3,21,3,9,5,0,100,1.68,100
3.13,2,0,17,7,8.6,4,0,91,2.73,100
3.33,2,3,23,1,5.7,1,5,80,2.93,88
3.61,1,2,29,2,7.4,4,1,69,3.46,75
2.18,0,2,4,8,4.8,3,5,100,1.78,100
3.77,0,2,16,8,8.9,4,2,88,3.37,96
3.87,2,1,17,4,5.9,1,1,71,3.72,78
3.92,0,0,22,1,5.2,3,3,49,3.97,53
3.27,0,0,28,1,7.7,2,3,50,3.12,55
3.99,2,0,24,7,9,1,0,69,3.84,75
2.48,2,3,3,9,5.9,2,1,100,2.08,100
3.7,3,3,28,4,4.7,1,1,100,3.3,100
2.2,2,3,8,8,7.3,4,1,100,1.8,100
3.63,0,1,6,1,7.1,5,2,44,3.68,48
2.4,0,1,3,8,7.1,4,3,100,2,100
3.46,0,1,0,9,5,2,0,86,3.06,94
3.92,2,3,12,6,7.3,4,3,96,3.52,100
3.01,2,3,20,2,7.8,4,3,87,2.61,95
3.57,2,3,16,1,6.2,1,4,70,3.42,77
3.21,2,3,28,9,5.3,3,4,100,2.81,100
2.46,3,3,29,5,8.7,5,0,100,2.06,100
2.45,2,0,11,6,5.6,5,4,100,2.05,100
2.12,1,0,18,7,6.5,1,2,99,1.72,100
3.51,3,1,25,2,8.5,3,5,76,3.11,83
3.69,3,2,16,2,5.1,4,4,95,3.29,100
2.13,2,1,24,3,8.6,5,1,99,1.73,100
2.53,1,1,27,7,8.7,3,3,100,2.13,100
3.76,0,0,2,10,5.2,2,1,84,3.36,92
3.6,2,3,30,6,6.3,1,0,95,3.2,100
2.22,3,3,1,10,5.8,2,5,100,1.82,100
2.44,2,1,20,5,8.4,1,1,91,2.04,100
2.85,1,1,5,4,8.5,2,5,76,2.45,83
3.63,2,3,6,5,5.1,1,4,86,3.23,94
3.34,3,3,2,5,6,2,1,97,2.94,100
2.55,2,1,6,6,4.9,2,0,100,2.15,100
3.07,3,2,12,4,8.2,3,0,76,2.67,83
2.49,1,0,0,2,6.9,5,5,90,2.09,99
2.14,2,3,6,1,8.1,1,3,73,1.99,80
2.89,2,1,21,2,6.6,4,1,83,2.49,91
2.48,0,2,7,6,6.8,3,0,89,2.08,97
3.33,0,3,6,9,7.5,2,3,95,2.93,100
3.65,1,3,29,8,5.5,1,4,100,3.25,100
3.35,1,2,25,3,8.3,5,4,84,2.95,92
2.61,3,3,3,8,7.9,5,0,100,2.21,100
3.65,0,0,20,1,5.3,3,5,55,3.5,60
3.31,0,0,20,9,7,1,1,80,2.91,88
3.84,3,1,22,1,5.2,4,2,79,3.44,86
3.37,2,2,4,8,8.7,5,0,100,2.97,100
3.02,1,2,15,3,7.8,4,3,73,2.87,80
3.75,2,3,5,1,6.7,5,5,77,3.35,84
3.42,1,3,20,1,5.9,2,1,65,3.27,71
3.09,1,0,6,3,6.1,3,4,71,2.94,78
3.17,2,2,20,5,5.5,4,1,100,2.77,100
2.16,1,3,26,10,6.4,2,2,100,1.76,100
3.22,1,2,28,2,6.5,3,2,74,3.07,81
2.47,2,3,20,2,7.9,1,5,98,2.07,100
2.48,0,3,9,1,5.8,5,1,84,2.08,92
2.43,2,3,11,5,8.6,5,4,100,2.03,100
2.6,0,3,7,1,6,1,0,51,2.45,56
3.69,3,1,4,9,6.7,2,5,100,3.29,100
3.44,0,2,4,6,8.8,5,2,80,3.04,88
3.19,1,3,29,4,7.3,2,3,88,2.79,96
3.06,3,3,20,2,7.7,5,0,91,2.66,100
2.35,0,2,26,6,5.5,4,4,100,1.95,100
3.93,2,0,24,8,8.1,3,1,88,3.53,96
2.81,1,0,23,9,7.6,2,3,100,2.41,100
2.04,2,3,19,9,6.1,1,0,100,1.64,100
3.42,3,0,10,8,5.6,5,2,100,3.02,100
2.49,3,3,8,9,4.8,5,4,100,2.09,100
2.75,3,1,25,4,7,5,5,100,2.35,100
2.14,1,1,21,5,7.9,2,4,100,1.74,100
3.95,1,2,13,5,7.8,4,1,72,3.8,79
2.9,2,2,16,5,7.2,3,4,100,2.5,100
2.83,3,3,8,2,8.2,5,0,88,2.43,96
3.67,0,0,1,4,8.7,4,3,51,3.52,56
2.85,0,0,13,3,4.7,2,0,63,2.7,69
2.69,0,0,27,7,6.5,4,3,100,2.29,100
2.25,2,0,26,2,5.5,3,2,100,1.85,100
2.67,0,3,23,5,7.1,4,2,96,2.27,100
3.59,3,2,16,2,7.1,3,2,76,3.19,83
2.79,3,3,24,9,9,2,4,100,2.39,100
3.87,2,2,8,8,6.4,1,2,94,3.47,100
3.01,3,2,27,9,7.9,2,5,100,2.61,100
2.2,3,3,5,9,5.3,2,2,100,1.8,100
3.3,2,0,0,6,6.2,4,4,100,2.9,100
2.22,3,3,29,4,7.5,3,1,100,1.82,100
3.62,3,2,7,4,4.9,3,0,89,3.22,97
2.49,0,2,14,7,5.2,1,3,100,2.09,100
2.18,0,1,22,10,6.3,4,0,100,1.78,100
2.38,3,3,30,6,6,1,3,100,1.98,100
2.43,1,0,16,5,8.2,2,5,96,2.03,100
3.64,0,3,13,9,7.6,2,0,79,3.24,86
2.91,2,3,28,1,7.4,4,1,92,2.51,100
3.51,0,0,21,10,6.8,4,2,97,3.11,100
2.76,2,0,19,10,7.1,5,4,100,2.36,100
2.7,2,1,11,2,8.6,2,5,72,2.55,79
3.47,1,3,7,1,8.4,3,0,46,3.52,50
2.99,2,3,28,7,8.8,1,5,100,2.59,100
3.76,1,2,8,8,7.7,3,1,85,3.36,93
2.29,1,0,10,3,7.4,3,2,77,1.89,84
2.55,3,1,25,3,8.6,3,3,93,2.15,100
3.06,3,2,30,2,6.9,4,4,100,2.66,100
3.02,1,3,30,10,8.8,4,2,100,2.62,100
3.35,2,2,10,5,7.3,2,1,77,2.95,84
3.99,2,2,28,10,4.7,4,0,100,3.59,100
3.22,1,3,25,1,8.5,2,3,58,3.07,63
2.3,3,0,18,4,4.6,1,1,100,1.9,100
3.06,2,2,8,5,8.1,2,2,75,2.66,82
2.36,1,3,26,1,4.5,3,2,100,1.96,100
3,0,2,21,4,5.1,3,1,76,2.6,83
2.34,2,0,13,10,6.7,5,5,100,1.94,100
2.56,3,0,30,1,6.6,4,5,100,2.16,100
3.88,1,0,4,5,5.3,1,3,63,3.73,69
2.78,2,1,16,9,6.5,3,2,100,2.38,100
2.13,0,3,21,6,5.8,2,2,100,1.73,100
3.94,2,3,6,8,7.2,5,4,100,3.54,100
2.07,2,2,2,5,8,5,3,100,1.67,100
3.78,1,0,29,4,4.7,1,5,85,3.38,93
3.4,2,0,25,1,5.6,5,1,76,3,83
3.96,3,2,28,6,8.3,1,3,95,3.56,100
3.54,2,2,15,8,6,4,4,100,3.14,100
2.57,3,3,25,10,7.9,3,5,100,2.17,100
3.94,0,2,1,6,7.2,3,3,71,3.79,78
2.05,1,3,11,5,5.8,4,4,100,1.65,100
2.67,0,3,14,2,4.9,4,0,79,2.27,86
2.85,2,0,27,1,8.6,2,4,74,2.7,81
2.78,2,1,21,10,5.8,3,4,100,2.38,100
2.45,3,1,23,9,5.9,5,2,100,2.05,100
3.58,2,2,23,1,5,1,3,63,3.43,69
3.95,1,1,12,1,6.9,4,1,44,4,48
2.48,3,1,13,7,5.7,2,2,100,2.08,100
3.75,2,3,0,6,6.5,4,4,99,3.35,100
3.06,0,2,0,6,8.1,5,3,83,2.66,91
2.03,2,3,3,1,8.4,4,5,94,1.63,100
3.97,2,1,15,1,7.2,2,4,51,3.82,56
3.19,0,0,8,8,6.7,5,0,83,2.79,91
2.8,1,1,24,3,5.8,4,5,100,2.4,100
2.83,2,0,8,1,5.6,4,1,73,2.68,80
3.36,1,0,0,9,7.6,3,4,99,2.96,100
2.09,2,3,14,10,5.1,3,3,100,1.69,100
3.19,0,2,6,4,6.7,5,0,67,3.04,73
2.44,1,3,1,8,4.6,4,2,100,2.04,100
3.76,2,0,29,7,5.3,3,3,100,3.36,100
2.94,0,3,28,10,5,2,3,100,2.54,100
3.34,3,2,2,9,4.7,5,2,100,2.94,100
2.42,0,0,6,3,5.4,4,4,88,2.02,96
3.38,0,2,28,5,5,4,0,91,2.98,100
3.22,3,1,30,3,6.1,3,3,100,2.82,100
2.88,0,3,0,1,6.7,2,2,54,2.73,59
2.68,2,0,0,5,8.3,4,2,87,2.28,95
2.62,1,2,14,2,6,1,2,67,2.47,73
2.86,1,1,15,6,8.3,1,0,68,2.71,74
3.77,3,2,25,4,7.1,2,3,86,3.37,94
2.25,1,3,28,7,5.2,2,5,100,1.85,100
2.1,0,0,13,3,8.6,5,3,77,1.7,84
3.27,3,2,7,2,5.2,4,1,85,2.87,93
2.69,2,2,20,5,9,5,0,100,2.29,100
2.34,1,2,29,5,8.3,5,2,100,1.94,100
3.43,2,0,16,1,5.6,4,0,68,3.28,74
2.62,0,0,20,9,4.6,1,3,100,2.22,100
3.31,3,0,21,1,7.7,5,1,76,2.91,83
3.48,2,3,28,3,4.8,3,2,100,3.08,100
2.52,2,2,21,10,6,1,3,100,2.12,100
3.4,2,2,20,7,8.3,1,0,84,3,92
2.59,3,0,11,4,8.2,2,4,85,2.19,93
3.69,0,0,26,4,5.9,1,5,70,3.54,77
3.98,2,1,12,1,5,3,5,67,3.83,73
2.86,2,2,27,5,6.9,2,3,100,2.46,100
3.19,0,0,9,6,7.3,3,5,76,2.79,83
2.09,0,3,28,7,8.4,1,1,100,1.69,100
2.33,0,1,27,2,8.3,4,5,91,1.93,100
2.63,0,2,6,4,5.9,5,5,100,2.23,100
2.08,2,3,29,3,5.7,5,1,100,1.68,100
2.02,1,2,23,3,7.2,4,2,98,1.62,100
3.98,3,1,14,3,6.8,4,0,69,3.83,75
2.97,2,1,7,6,6.8,4,5,100,2.57,100
2.27,0,2,12,7,6.9,5,0,100,1.87,100
2.44,2,3,21,2,8.2,3,1,91,2.04,100
3,0,1,4,5,5.6,3,2,73,2.85,80
2.06,0,1,29,4,6.7,5,2,100,1.66,100
2.69,2,0,7,1,5.8,4,4,82,2.29,90
2.12,2,3,29,5,7.3,2,0,100,1.72,100
3.99,0,1,18,7,5.1,5,2,96,3.59,100
3.34,1,1,30,6,6,4,5,100,2.94,100
3.27,1,3,25,10,6.2,3,4,100,2.87,100
2.28,2,3,12,7,5.9,1,0,100,1.88,100
3.29,3,3,21,3,7.1,1,1,80,2.89,88
2.66,2,3,2,5,8.6,5,4,100,2.26,100
3.01,3,1,22,7,7,2,1,100,2.61,100
3.94,2,0,22,8,6.9,5,2,100,3.54,100
3.97,0,2,15,2,4.7,4,5,73,3.82,80
3.61,3,3,2,2,8.6,3,0,61,3.46,67
2.28,3,1,24,5,7.8,1,0,100,1.88,100
3.09,2,3,13,1,5.2,2,3,71,2.94,78
3.54,0,2,11,10,4.7,2,2,100,3.14,100
3.5,1,3,16,2,4.6,3,5,88,3.1,96
2.5,3,1,21,9,8.4,1,3,100,2.1,100
3.13,1,3,4,2,8,4,2,63,2.98,69
2.69,3,1,25,8,5.3,3,4,100,2.29,100
2.45,1,0,28,10,5.1,4,5,100,2.05,100
2.78,0,0,5,4,7.8,5,4,81,2.38,89
2.44,2,2,11,2,4.5,4,4,100,2.04,100
2.34,0,2,1,7,5.4,3,0,100,1.94,100
2.54,1,1,23,3,5.1,5,5,100,2.14,100
3.95,1,2,19,2,6.2,5,1,75,3.55,82
2.95,2,2,11,3,7.8,2,3,81,2.55,89
2.79,2,2,13,9,7.9,1,0,100,2.39,100
2.1,1,2,23,8,7.8,1,3,100,1.7,100
3.87,3,0,0,3,8.3,2,3,59,3.72,64
2.33,3,1,16,6,5,1,0,100,1.93,100
2.01,1,3,12,6,8.9,1,0,86,1.61,94
2.01,2,0,27,3,5,2,2,100,1.61,100
2.81,3,0,9,9,8.5,1,1,100,2.41,100
3.98,0,2,10,1,8.2,2,1,25,4,27
2.46,0,2,27,5,5.5,5,2,100,2.06,100
2.68,1,3,12,6,8.8,5,5,100,2.28,100
3.9,0,1,7,10,5.6,4,1,98,3.5,100
3.77,1,2,2,2,4.7,5,3,80,3.37,88
3.42,1,2,29,10,4.6,1,3,100,3.02,100
2.88,0,2,10,7,4.9,1,1,93,2.48,100
3.42,1,2,17,3,7.5,5,2,83,3.02,91
3.06,1,3,8,3,8,5,4,80,2.66,88
2.14,3,1,25,3,7.9,1,0,89,1.74,97
2.3,1,2,7,3,6,5,5,100,1.9,100
3.8,1,0,24,1,7.2,5,0,50,3.65,55
3.63,2,0,5,2,7.6,4,2,57,3.48,62
3.2,3,0,0,7,7.7,3,5,100,2.8,100
2.69,2,1,5,4,5.1,5,0,97,2.29,100
2.71,3,0,16,1,4.9,1,0,78,2.31,85
2.8,0,3,9,8,7.2,5,3,100,2.4,100
2.87,1,1,14,4,6.8,5,2,87,2.47,95
2.99,2,1,25,10,6,5,1,100,2.59,100
2.35,2,0,8,6,6.9,1,2,93,1.95,100
3.67,3,3,24,10,6.5,3,5,100,3.27,100
2.68,2,2,7,8,5.3,4,1,100,2.28,100
3.51,0,0,27,2,7,1,4,47,3.56,51
2.76,1,2,3,10,7.3,3,5,100,2.36,100
3.42,1,1,0,6,5.5,2,3,85,3.02,93
2.37,1,2,16,9,8.7,1,5,100,1.97,100
3.58,2,2,1,6,6.1,1,1,79,3.18,86
3.1,1,1,6,2,8.5,5,4,66,2.95,72
2.04,0,2,18,6,8,1,0,82,1.64,90
2.74,2,2,10,9,8.4,1,1,100,2.34,100
3.3,0,0,14,9,5.5,1,2,83,2.9,91
2.31,2,3,23,2,5.2,2,1,99,1.91,100
3.93,3,1,2,8,6,1,0,92,3.53,100
2.13,1,0,9,6,6.1,1,3,96,1.73,100
2.88,3,0,7,2,5.9,5,4,100,2.48,100
3.59,2,0,24,4,7.2,2,4,73,3.44,80
3.9,1,1,24,9,7.8,2,5,100,3.5,100
2.69,0,2,26,3,5,3,1,87,2.29,95
3.28,3,0,26,3,7.3,5,1,95,2.88,100
3.2,3,3,10,8,7.9,3,0,100,2.8,100
3.04,0,3,5,4,8.3,5,1,69,2.89,75
3.14,1,2,2,10,5.7,1,1,100,2.74,100
2.48,2,3,25,4,7.4,1,2,100,2.08,100
2.25,0,0,15,8,7.8,4,5,100,1.85,100
3.05,3,2,11,7,4.5,1,4,100,2.65,100
3.11,1,0,14,7,7.6,2,1,73,2.96,80
2.57,0,0,10,3,6.9,2,4,60,2.42,66
3.33,3,1,12,5,6.8,3,1,86,2.93,94
3.75,3,0,10,7,6.1,1,2,88,3.35,96
3.43,0,0,26,9,5.5,1,5,100,3.03,100
3.58,2,0,0,9,5.1,5,4,100,3.18,100
3.73,1,2,9,5,5.8,2,5,82,3.33,90
3.73,3,1,26,2,7.3,4,0,78,3.33,85
3.22,3,1,21,1,8.8,4,2,73,3.07,80
3.63,2,1,27,6,7.9,1,2,85,3.23,93
3.49,1,2,4,1,4.6,1,3,61,3.34,67
